date,code,name,high,low,close,change,volume,value
2026-09-08,0050,元大台灣50,110.75,109.55,109.65,-0.25,75243156,8285982385
2026-09-08,0051,元大中型100,147.8,145.95,146.05,-1.4,28386,4160992
2026-09-08,0052,富邦科技,64.45,63.5,63.6,-0.15,22549037,1443965723
2026-09-08,0053,元大電子,249.15,246,246,-2.3,32805,8136210
2026-09-08,0055,元大MSCI金融,49.3,48.53,49.24,0.61,481438,23582951
2026-09-08,0056,元大高股息,55.95,55.5,55.75,-0.1,17306149,964392261
2026-09-08,0057,富邦摩台,330.85,327.6,327.85,0.95,35830,11805524
2026-09-08,0061,元大寶滬深,24.26,24.05,24.08,-0.19,82466,1987067
2026-09-08,1101,台泥,24.5,24.2,24.3,0,16729814,406258635
2026-09-08,1102,亞泥,35.2,34.85,35.2,0.15,5994897,210508410
2026-09-08,1103,嘉泥,13.25,13.15,13.15,-0.05,230667,3047608
2026-09-08,1104,環泥,27.65,27.25,27.45,-0.05,477678,13126333
2026-09-08,1108,幸福,11.65,11.5,11.6,-0.05,265848,3078595
2026-09-08,1109,信大,13.55,13.4,13.5,-0.05,99418,1340569
2026-09-08,1110,東泥,16.05,15.85,16,0.1,83653,1332873
2026-09-08,1201,味全,12.2,12.1,12.1,-0.1,271883,3296396
2026-09-08,1203,味王,45.85,45.4,45.85,0.7,9775,447052
2026-09-08,1210,大成,52.8,52,52.5,0.4,1365033,71677088
2026-09-08,1213,大飲,7.59,7.29,7.59,-0.06,24123,177801
2026-09-08,1215,卜蜂,111,110,110,-1,308491,34052489
2026-09-08,1216,統一,76.7,75.1,76.7,1.5,12646668,964614321
2026-09-08,1217,愛之味,9.97,9.91,9.96,0.03,321554,3195549
2026-09-08,1218,泰山,14.55,14.45,14.45,-0.05,460386,6675683
2026-09-08,1219,福壽,11.75,11.55,11.75,0.1,257088,2999623
2026-09-08,1220,台榮,11.1,10.7,11,0.3,180306,1971604
2026-09-08,1225,福懋油,25.45,25,25.05,0.05,41514,1045341
2026-09-08,1227,佳格,28.65,28.3,28.55,0.15,475468,13571983
2026-09-08,1229,聯華,42,41.45,41.7,0.05,1352666,56423046
2026-09-08,1231,聯華食,80.6,80.1,80.4,0.3,194240,15617232
2026-09-08,1232,大統益,157.5,156,157,-0.5,88952,13956020
2026-09-08,1233,天仁,28.1,27.85,28.1,0,22851,640668
2026-09-08,1234,黑松,33.55,33.25,33.4,0.1,57519,1921154
2026-09-08,1235,興泰,39,38.45,38.95,0,16113,624843
2026-09-08,1236,宏亞,26.3,26.1,26.25,0.05,28620,750693
2026-09-08,1256,鮮活果汁-KY,176.5,173.5,174,0.5,42492,7441325
2026-09-08,1301,台塑,67.4,64.7,65.1,-1.5,28241360,1847628069
2026-09-08,1303,南亞,239.5,229,235,4.5,65193109,15306594271
2026-09-08,1304,台聚,12.5,12.2,12.35,0.15,2632612,32507979
2026-09-08,1305,華夏,12.3,12.1,12.15,0,788385,9635010
2026-09-08,1307,三芳,30.65,30.3,30.65,0.15,344722,10504068
2026-09-08,1308,亞聚,14.35,13.95,14.15,0.2,1562220,22075964
2026-09-08,1309,台達化,13.75,13.5,13.6,0.1,1431811,19528525
2026-09-08,1310,台苯,8.64,8.49,8.57,-0.03,1970702,16823789
2026-09-08,1312,國喬,14.15,13.8,13.9,-0.2,13294342,184984388
2026-09-08,1313,聯成,11.9,11.7,11.8,0,1313635,15530271
2026-09-08,1314,中石化,8.12,8.06,8.11,0.01,14930552,120704806
2026-09-08,1315,達新,66.2,65.5,66.1,0.1,30210,1991856
2026-09-08,1316,上曜,11,10.75,10.8,0.05,2578141,27937505
2026-09-08,1319,東陽,81.7,78.8,79,-2.7,2841504,226918642
2026-09-08,1321,大洋,32.55,32.2,32.35,-0.2,61579,1994217
2026-09-08,1323,永裕,21.25,21.1,21.25,0,8138,173104
2026-09-08,1324,地球,10.1,10,10,-0.2,34573,346486
2026-09-08,1325,恆大,26.2,25.85,25.95,-0.25,112268,2917058
2026-09-08,1326,台化,72.6,70.1,70.6,-1.3,24157597,1709253189
2026-09-08,1337,再生-KY,4.56,4.5,4.51,-0.05,308961,1394128
2026-09-08,1338,廣華-KY,14.4,14.05,14.15,-0.3,105057,1490499
2026-09-08,1339,昭輝,43.3,42.85,42.95,0.15,67017,2882261
2026-09-08,1340,勝悅-KY,5.24,5.12,5.23,0.12,95223,494423
2026-09-08,1341,富林-KY,59.8,59.8,59.8,-0.2,1471,88084
2026-09-08,1342,八貫,103.5,101,102.5,-1,191202,19505475
2026-09-08,1402,遠東新,28.75,28.35,28.65,-0.05,7430750,212103523
2026-09-08,1409,新纖,24.7,24,24.45,0.1,8755855,212445493
2026-09-08,1410,南染,24.75,24.5,24.55,-0.2,53675,1319285
2026-09-08,1413,宏洲,9.46,9.25,9.29,0,11914,110691
2026-09-08,1414,東和,17.95,17.6,17.65,-0.1,186565,3300926
2026-09-08,1416,廣豐,11.6,11.4,11.5,-0.1,287604,3302134
2026-09-08,1417,嘉裕,8.27,8.13,8.2,-0.03,160563,1313020
2026-09-08,1418,東華,17.85,17.8,17.8,-0.05,23422,417223
2026-09-08,1419,新紡,68.6,67.3,67.5,-0.8,45959,3110902
2026-09-08,1423,利華,35.6,35.6,35.6,0.05,2756,97943
2026-09-08,1432,大魯閣,15.1,15,15.05,0,72707,1094978
2026-09-08,1434,福懋,18.05,17.7,17.8,-0.3,2221461,39645052
2026-09-08,1435,中福,23.4,22.2,23.35,0.6,9690,223149
2026-09-08,1436,華友聯,37.9,37.15,37.15,-0.75,214110,8034933
2026-09-08,1437,勤益控,32.25,31.85,31.95,-0.25,66198,2117775
2026-09-08,1438,三地開發,23.6,22.95,23.3,0.6,194440,4525345
2026-09-08,1439,雋揚,29.45,29.1,29.4,-0.1,5816,170537
2026-09-08,1440,南紡,13.85,13.25,13.6,0.1,4140239,56151846
2026-09-08,1441,大東,8.8,8.67,8.8,0,31570,274823
2026-09-08,1442,名軒,30.25,29.8,30.05,0.15,94880,2850311
2026-09-08,1443,立益物流,23.8,23.4,23.65,-0.15,7925,187593
2026-09-08,1444,力麗,7.03,6.87,6.99,-0.04,2540661,17625836
2026-09-08,1445,大宇,10.4,10.15,10.4,0,181191,1860524
2026-09-08,1446,宏和,13.4,13.3,13.35,-0.05,109897,1466398
2026-09-08,1447,力鵬,6.7,6.61,6.69,0.01,817178,5431461
2026-09-08,1449,佳和,12.25,12.1,12.2,0.05,212415,2588460
2026-09-08,1451,年興,17.3,17.2,17.3,0,27096,466897
2026-09-08,1452,宏益,11.3,11.2,11.3,0.05,73496,826755
2026-09-08,1453,大將,11.05,11,11,-0.05,27410,302109
2026-09-08,1454,台富,12.4,12.2,12.3,-0.05,36122,443648
2026-09-08,1455,集盛,9.9,9.73,9.9,0.1,933596,9179202
2026-09-08,1456,怡華,14.4,13.7,14.35,0.75,95038,1343810
2026-09-08,1457,宜進,14.45,14.3,14.35,0.05,66266,950925
2026-09-08,1459,聯發,15.7,15.35,15.6,0.25,119369,1847347
2026-09-08,1460,宏遠,6.62,6.55,6.55,-0.04,214830,1411143
2026-09-08,1463,強盛新,17.3,17.1,17.25,-0.05,26345,452697
2026-09-08,1464,得力,10.1,10,10.05,0,472500,4733819
2026-09-08,1465,偉全,11.95,11.75,11.85,-0.05,187562,2219889
2026-09-08,1466,聚隆,15.65,15.4,15.5,-0.1,305319,4731073
2026-09-08,1467,南緯,8.28,8.15,8.21,0.16,116361,955026
2026-09-08,1468,昶和,13.5,13.1,13.5,0,46415,617571
2026-09-08,1470,大統新創,24.85,23.9,23.9,-0.6,25385,613225
2026-09-08,1471,首利,9.79,9.65,9.65,-0.04,132450,1282191
2026-09-08,1472,三洋實業,90,88.6,90,-0.5,102539,9094292
2026-09-08,1473,台南,20.1,20,20.1,0,41036,822233
2026-09-08,1474,弘裕,10,9.95,9.97,-0.02,43560,434943
2026-09-08,1475,業旺,26.1,25.8,26,-0.35,31871,825649
2026-09-08,1476,儒鴻,307,299,300,-6,2603139,783377988
2026-09-08,1477,聚陽,199.5,195,198,3,1213497,240414428
2026-09-08,1503,士電,208.5,204,204.5,-3,1075972,221020109
2026-09-08,1504,東元,72.4,70.4,70.4,-1.3,5634282,399948593
2026-09-08,1506,正道,10.05,9.97,10,-0.1,305639,3053334
2026-09-08,1512,瑞利,6.36,6.24,6.35,0.11,18513,116628
2026-09-08,1513,中興電,167.5,164.5,165,-2,1320066,218545189
2026-09-08,1514,亞力,103,101.5,102,-0.5,723891,74019814
2026-09-08,1515,力山,30.55,30,30,-0.55,796746,24012177
2026-09-08,1516,川飛,14.75,14.15,14.15,-0.6,9406,134688
2026-09-08,1517,利奇,10.85,10.7,10.7,0,195427,2108617
2026-09-08,1519,華城,748,728,728,-11,1125985,825579541
2026-09-08,1521,大億,25.6,25.3,25.3,-0.35,22854,581416
2026-09-08,1522,堤維西,26.9,26.7,26.8,-0.25,231329,6196939
2026-09-08,1524,耿鼎,26.95,26.6,26.6,-0.15,164875,4401546
2026-09-08,1525,江申,66.4,65.5,66.4,0,5924,393673
2026-09-08,1526,日馳,15.55,15.25,15.3,-0.25,96709,1488617
2026-09-08,1527,鑽全,32.95,32.6,32.8,0.05,116142,3804840
2026-09-08,1528,恩德,21.05,19.5,21.05,1.9,3489297,72604000
2026-09-08,1529,樂事綠能,16.4,15.75,15.8,-0.35,642841,10244379
2026-09-08,1530,亞崴,28.8,28.5,28.5,-0.5,10324,296032
2026-09-08,1531,高林股,12.15,11.75,11.8,-0.05,206015,2439930
2026-09-08,1532,勤美,22.9,22.65,22.75,-0.05,196800,4488978
2026-09-08,1533,車王電,31,30.6,30.95,0.15,61306,1885513
2026-09-08,1535,中宇,45.75,45.4,45.65,-0.35,36278,1653886
2026-09-08,1536,和大,48.9,47.85,47.9,-1.05,1643040,79040018
2026-09-08,1537,廣隆,115,114,114,-1.5,177460,20348492
2026-09-08,1538,正峰,8.45,8.1,8.23,-0.77,33672,278633
2026-09-08,1539,巨庭,15.7,15.6,15.6,-0.15,11579,181130
2026-09-08,1540,喬福,19.6,19.4,19.45,-0.05,120350,2344920
2026-09-08,1541,錩泰,21.45,21.2,21.45,0,5609,120670
2026-09-08,1558,伸興,107.5,104.5,106,-0.5,73609,7797755
2026-09-08,1560,中砂,736,713,717,-13,665337,481705343
2026-09-08,1563,巧新,79.1,75.5,77.1,-2.4,1230096,94726742
2026-09-08,1568,倉佑,29.45,28.75,28.95,-0.3,159580,4626504
2026-09-08,1582,信錦,73.7,72.1,72.2,-1.3,277640,20128641
2026-09-08,1583,程泰,48.5,48.3,48.35,-0.95,14063,681526
2026-09-08,1587,吉茂,24.3,23.85,23.9,-0.15,193191,4634809
2026-09-08,1590,亞德客-KY,1385,1315,1335,-35,366835,490534735
2026-09-08,1597,直得,150.5,143,143,-9,2378357,346829541
2026-09-08,1598,岱宇,20.65,20.5,20.55,0.05,126129,2593958
2026-09-08,1603,華電,30.3,29.8,30.05,-0.3,146023,4394305
2026-09-08,1604,聲寶,23.7,23.55,23.65,0,168159,3972698
2026-09-08,1605,華新,38.65,37.8,38.1,0.2,14978729,573852638
2026-09-08,1608,華榮,37.3,36.1,36.65,0.6,2718335,99950083
2026-09-08,1609,大亞,38,37.4,37.6,0.4,3522401,132563224
2026-09-08,1611,中電,11.75,11.65,11.65,-0.05,214633,2507903
2026-09-08,1612,宏泰,34.95,34.6,34.7,0,304473,10597227
2026-09-08,1614,三洋電,30.8,30.65,30.65,-0.2,23659,726852
2026-09-08,1615,大山,44.15,43.7,43.9,0.05,56543,2477924
2026-09-08,1616,億泰,19.05,18.7,18.75,0.05,135648,2554943
2026-09-08,1617,榮星,17.85,17.5,17.55,-0.3,322735,5675195
2026-09-08,1618,合機,39.8,39.25,39.5,0.2,424326,16788933
2026-09-08,1623,大東電,205,203,204,-1,50056,10211334
2026-09-08,1626,艾美特-KY,9.72,9.61,9.72,-0.01,23684,228915
2026-09-08,1702,南僑,32.7,32.5,32.6,0,138337,4505444
2026-09-08,1707,葡萄王,91.5,90.5,90.5,-0.5,282713,25715006
2026-09-08,1708,東鹼,50.7,49.7,50.2,0.2,1711870,85780774
2026-09-08,1709,和益,34.1,32.8,33.6,-0.6,6585442,219986866
2026-09-08,1710,東聯,16,15.45,15.85,0.2,4191097,65933253
2026-09-08,1711,永光,41.35,39.4,39.5,-1.4,3919965,156908778
2026-09-08,1712,興農,40.95,40.3,40.85,0.55,892009,36404472
2026-09-08,1713,國化,43.5,43.3,43.35,-0.15,91091,3952767
2026-09-08,1714,和桐,16.6,16.25,16.25,-0.2,5029928,82227205
2026-09-08,1717,長興,73.7,72.1,72.3,-1.2,7878136,571858832
2026-09-08,1718,中纖,10.45,10.25,10.4,-0.05,9237489,95327908
2026-09-08,1720,生達,56.4,55.9,56,-0.2,223193,12527309
2026-09-08,1721,國慶科技,24.6,24.6,24.6,2.2,1839015,45239711
2026-09-08,1722,台肥,44.8,44.45,44.55,-0.05,1496267,66793919
2026-09-08,1723,中碳,85.9,83.4,83.9,-0.1,513244,43270983
2026-09-08,1725,元禎,32.35,31.85,32.3,0.2,22211,716166
2026-09-08,1726,永記,78.1,77,77.5,-0.3,49512,3834793
2026-09-08,1727,中華化,92.3,90.5,90.6,-0.4,1525491,139207193
2026-09-08,1730,花仙子,51.6,51.3,51.3,-0.5,23710,1219454
2026-09-08,1731,美吾華,21.05,20.9,21,0.05,65748,1377966
2026-09-08,1732,毛寶,26.3,26,26.2,0.15,103402,2702866
2026-09-08,1733,五鼎,31.75,31.15,31.15,-0.55,135410,4252724
2026-09-08,1734,杏輝,31.2,30.85,31.1,-0.05,165140,5125383
2026-09-08,1735,日勝化,20.25,20.05,20.2,-0.05,38493,774446
2026-09-08,1736,喬山,126.5,125,126.5,0.5,103834,13054418
2026-09-08,1737,臺鹽,30.65,30.5,30.65,0.1,204581,6251633
2026-09-08,1752,南光,31.8,31.45,31.5,-0.25,33745,1065860
2026-09-08,1760,寶齡富錦,56.4,55.7,56,-0.4,134950,7544759
2026-09-08,1762,中化生,35.95,34.8,35,0,67508,2363081
2026-09-08,1773,勝一,169,162,164,3.5,1209298,199941226
2026-09-08,1776,展宇,17.25,17.1,17.25,0.1,46535,800793
2026-09-08,1783,和康生,38,37.8,37.8,-0.25,34312,1301725
2026-09-08,1786,科妍,46.8,45.7,46.3,0.4,170354,7875085
2026-09-08,1789,神隆,19.5,19.15,19.15,-0.25,317930,6131387
2026-09-08,1795,美時,183,180.5,180.5,0,661252,120066806
2026-09-08,1802,台玻,61.2,59.4,59.9,-0.8,17724258,1068092289
2026-09-08,1805,寶徠,10.1,9.96,9.96,-0.14,92387,924906
2026-09-08,1806,冠軍,8.06,8.01,8.03,-0.02,71915,577669
2026-09-08,1808,潤隆,35.1,34.1,34.85,0.6,1180519,41133993
2026-09-08,1809,中釉,39.85,37.65,38.1,0.2,1633625,63287679
2026-09-08,1810,和成,24.55,24,24,-0.05,1919007,46478898
2026-09-08,1817,凱撒衛,40.2,39.9,40,-0.1,38077,1522100
2026-09-08,1903,士紙,47.95,47.5,47.85,0.25,92339,4412414
2026-09-08,1904,正隆,24.65,24.25,24.45,0,1460928,35788935
2026-09-08,1905,華紙,13.3,13.15,13.2,0,1146696,15148884
2026-09-08,1906,寶隆,11.15,11.1,11.1,-0.1,23634,262886
2026-09-08,1907,永豐餘,29.35,29,29.15,0.05,501262,14623217
2026-09-08,1909,榮成,10.9,10.75,10.75,-0.1,1563028,16907100
2026-09-08,2002,中鋼,19.15,18.95,19.1,0.1,20868836,397961969
2026-09-08,2006,東和鋼鐵,82.4,80.7,81.9,1.1,768679,62868127
2026-09-08,2007,燁興,7,6.9,6.92,-0.07,209694,1453797
2026-09-08,2008,高興昌,31.25,30.7,30.75,-0.65,10963,339776
2026-09-08,2009,第一銅,41.2,39.25,40.6,1.65,4686373,189613901
2026-09-08,2010,春源,22.45,22.15,22.4,0.1,662880,14794147
2026-09-08,2012,春雨,14.55,14.3,14.45,-0.15,59916,860571
2026-09-08,2013,中鋼構,42.15,41.7,41.7,-0.05,134269,5619843
2026-09-08,2014,中鴻,17.15,16.9,17,0,1600249,27289001
2026-09-08,2015,豐興,65,64.2,64.7,0,157287,10165818
2026-09-08,2017,官田鋼,9.08,8.92,8.97,0.04,245375,2208188
2026-09-08,2020,美亞,21.95,21.65,21.8,0.15,354285,7714223
2026-09-08,2022,聚亨,7.5,7.39,7.46,-0.02,214036,1591097
2026-09-08,2023,燁輝,14.05,13.9,13.95,0,1092052,15275928
2026-09-08,2024,志聯,13.25,13.2,13.2,-0.15,10921,144484
2026-09-08,2025,千興,12.7,12.55,12.55,0.1,450964,5685434
2026-09-08,2027,大成鋼,50,48.7,49.35,0.25,12192930,602117483
2026-09-08,2028,威致,15.85,15.65,15.65,-0.1,133372,2106364
2026-09-08,2029,盛餘,21.55,21.3,21.3,-0.1,606380,12956757
2026-09-08,2030,彰源,23.95,22.65,23.8,0.95,4564495,107443232
2026-09-08,2031,新光鋼,44.9,44.3,44.85,0.55,348694,15598349
2026-09-08,2032,新鋼,17.2,16.95,17.05,-0.05,179347,3065055
2026-09-08,2033,佳大,26.3,25,25.45,-0.25,531067,13620005
2026-09-08,2034,允強,21.15,20.85,20.95,0.05,1114968,23410430
2026-09-08,2038,海光,12.6,12.05,12.4,-0.05,205429,2552404
2026-09-08,2049,上銀,367,349,350,-14.5,2971158,1058022887
2026-09-08,2059,川湖,14200,12515,12520,-1385,1284516,16662072085
2026-09-08,2062,橋椿,19.55,19.25,19.3,-0.15,307101,5955068
2026-09-08,2069,運錩,22.4,20.95,22.4,2,2647458,58970512
2026-09-08,2072,世紀風電,134.5,129.5,131,-1,734535,96730195
2026-09-08,2101,南港,31.2,30.65,30.65,-0.45,2030971,62605105
2026-09-08,2102,泰豐,18,17.7,17.8,-0.1,219698,3903757
2026-09-08,2103,台橡,27.25,25.3,25.75,-1.65,14934234,386436309
2026-09-08,2104,國際中橡,10.15,10,10.1,0.05,2038819,20533571
2026-09-08,2105,正新,30.85,30.5,30.6,-0.1,3924204,120088356
2026-09-08,2106,建大,17.15,16.85,16.95,0,405612,6896727
2026-09-08,2107,厚生,26.8,26.4,26.75,0.25,163017,4344425
2026-09-08,2108,南帝,29.25,28.85,29.15,0.15,408270,11865108
2026-09-08,2109,華豐,14.95,14.85,14.95,0.05,46841,698799
2026-09-08,2114,鑫永銓,90,89.1,89.8,-0.2,35836,3210009
2026-09-08,2115,六暉-KY,24.25,23.8,23.8,0,60450,1451859
2026-09-08,2201,裕隆,31,30.4,30.45,-0.35,5930444,181489754
2026-09-08,2204,中華,53.7,53.3,53.3,-0.3,375041,20049209
2026-09-08,2206,三陽工業,63.7,62.9,63.7,0.3,335699,21277534
2026-09-08,2207,和泰車,538,529,535,-4,200205,106829407
2026-09-08,2208,台船,18.95,18.8,18.8,0,991788,18690140
2026-09-08,2211,長榮鋼,83.5,82.9,83.2,0.2,235671,19616806
2026-09-08,2227,裕日車,48.2,47.5,48,-0.3,19759,948608
2026-09-08,2228,劍麟,75.7,73.5,75.5,0.6,92507,6904067
2026-09-08,2231,為升,90.5,89,89.2,-1.1,190322,17000384
2026-09-08,2233,宇隆,168.5,160.5,161,-7.5,557995,91076007
2026-09-08,2236,百達-KY,129,120.5,122,2,288981,35837535
2026-09-08,2237,華德動能-創,27.85,27.6,27.75,-0.1,91770,2540902
2026-09-08,2239,英利-KY,20.05,19.7,19.9,0,22047,439837
2026-09-08,2241,艾姆勒,34.6,34.1,34.2,-0.15,175148,6004441
2026-09-08,2243,宏旭-KY,46.95,44.9,45.45,0.2,171826,7827393
2026-09-08,2247,汎德永業,233,231,233,-1,14304,3315439
2026-09-08,2248,華勝-KY,61.3,60,60.3,-0.1,31421,1898213
2026-09-08,2250,IKKA-KY,57.5,56.4,56.4,-0.7,67703,3839558
2026-09-08,2254,巨鎧精密-創,64.3,62.3,63.1,0.7,1201567,75758551
2026-09-08,2258,鴻華先進-創,32.05,31.4,31.85,0.35,471753,14981759
2026-09-08,2301,光寶科,301.5,289,291,-8,18980605,5547265273
2026-09-08,2302,麗正,43.55,41.7,41.8,-1.5,2178017,92308086
2026-09-08,2303,聯電,142.5,135,137,-6,219176053,30312382562
2026-09-08,2305,全友,36.2,32.75,33.2,-0.2,21635033,737681365
2026-09-08,2308,台達電,1860,1795,1805,-45,6331851,11509936580
2026-09-08,2312,金寶,32.35,31.25,31.3,-1,9390867,296903589
2026-09-08,2313,華通,241,227.5,231,-9,40022863,9282640957
2026-09-08,2314,台揚,11,10.75,10.95,-0.25,132807,1444380
2026-09-08,2316,楠梓電,164,158,158,-1,1776222,285104504
2026-09-08,2317,鴻海,256,250,251.5,-4.5,40240647,10119470867
2026-09-08,2321,東訊,14.4,13.8,13.8,-0.6,10805,151060
2026-09-08,2323,中環,10.9,10.7,10.7,-0.1,3112524,33427345
2026-09-08,2324,仁寶,39.9,38.6,39.05,-1,70154546,2732926627
2026-09-08,2327,國巨*,584,565,567,-22,39419068,22558357199
2026-09-08,2328,廣宇,47.4,46,46,0,1908851,88927556
2026-09-08,2329,華泰,43.65,42.6,42.7,-0.6,2702343,116626076
2026-09-08,2330,台積電,2505,2460,2470,10,28931697,71769230740
2026-09-08,2331,精英,19.3,18.9,19,-0.35,1464358,27938181
2026-09-08,2332,友訊,19.5,18.75,18.75,-0.7,6674263,127049827
2026-09-08,2337,旺宏,130,125,126,1.5,58876929,7502333504
2026-09-08,2338,光罩,38.85,37.75,37.75,-0.8,826344,31516941
2026-09-08,2340,台亞,33.9,32.2,32.35,-0.85,2018706,66528275
2026-09-08,2342,茂矽,40.7,38.75,38.95,-0.8,1940235,76524938
2026-09-08,2344,華邦電,192,183.5,188,8,222260653,41927685454
2026-09-08,2345,智邦,2140,1950,1955,-145,6441295,12850208590
2026-09-08,2347,聯強,89.9,88.3,88.9,-0.4,2774953,246447234
2026-09-08,2348,海悅,72.4,70.8,71.9,0.7,314800,22557799
2026-09-08,2349,錸德,10.85,10.6,10.65,-0.15,1765906,18861048
2026-09-08,2351,順德,235,218,227.5,-6,6840234,1541034399
2026-09-08,2352,佳世達,29.2,28.6,28.65,-0.35,2485220,71443123
2026-09-08,2353,宏碁,32,31,31.05,-1.25,23191817,726157330
2026-09-08,2354,鴻準,66.3,64.3,64.5,-1.2,16276643,1061877119
2026-09-08,2355,敬鵬,42.55,41.85,41.9,-0.3,1267634,53362621
2026-09-08,2356,英業達,65.5,62.6,64,-2.1,36613724,2327037948
2026-09-08,2357,華碩,992,956,968,-31,4968506,4802028430
2026-09-08,2359,所羅門,142.5,135,135.5,-6.5,4778130,656810415
2026-09-08,2360,致茂,2340,2185,2265,35,4951555,11251705715
2026-09-08,2362,藍天,48.05,47.25,47.55,-0.4,784543,37272824
2026-09-08,2363,矽統,56.3,51.6,51.8,-0.7,15792771,849118673
2026-09-08,2364,倫飛,66.5,65.4,65.7,-0.5,206131,13517167
2026-09-08,2365,昆盈,29,28.2,28.45,-0.2,581252,16533920
2026-09-08,2367,燿華,42.5,41.5,41.5,-0.9,2966685,123963633
2026-09-08,2368,金像電,1115,1070,1075,-45,4987962,5454341715
2026-09-08,2369,菱生,31.4,30.15,30.2,-0.75,4146317,126425123
2026-09-08,2371,大同,28.25,27.7,27.8,-0.35,3759948,104813200
2026-09-08,2373,震旦行,53.4,52.8,53.4,-0.4,23076,1226234
2026-09-08,2374,佳能,71,67.3,67.4,-0.1,4149447,284341302
2026-09-08,2375,凱美,127.5,122.5,123,-4,2195567,273409239
2026-09-08,2376,技嘉,364.5,351,357,-7.5,6385642,2273309994
2026-09-08,2377,微星,157.5,152.5,152.5,-6,9119002,1401420406
2026-09-08,2379,瑞昱,721,680,692,0,4835169,3365561232
2026-09-08,2380,虹光,18.25,17.1,17.7,-0.6,225463,4014836
2026-09-08,2382,廣達,344.5,328,328,-19.5,35435507,11741782175
2026-09-08,2383,台光電,5550,5315,5340,-155,1474956,7957811260
2026-09-08,2385,群光,108,105,105.5,-5,5370064,568964568
2026-09-08,2387,精元,36.35,35.75,36.25,0.05,236438,8517750
2026-09-08,2388,威盛,81.2,75.8,76.1,-1.6,8501828,666112513
2026-09-08,2390,云辰,10.1,10,10.05,0,346689,3482477
2026-09-08,2392,正崴,45,42.6,42.8,-1.55,3507000,152290508
2026-09-08,2393,億光,63.5,62.5,62.6,-0.9,1115350,70056307
2026-09-08,2395,研華,681,651,657,-23,4049282,2675271532
2026-09-08,2397,友通,61.9,59.4,59.8,-2.1,440127,26633201
2026-09-08,2399,映泰,47.25,45.25,45.65,-1.15,3464596,159189648
2026-09-08,2401,凌陽,25.65,24.85,24.85,-0.7,2278556,57118692
2026-09-08,2402,毅嘉,56.4,54.5,54.6,-1.5,1590173,87698319
2026-09-08,2404,漢唐,1085,1050,1055,-25,651640,691840715
2026-09-08,2405,輔信,15.1,14.9,14.9,-0.15,568800,8510950
2026-09-08,2406,國碩,27.45,26.9,26.9,-0.35,2237101,60580248
2026-09-08,2408,南亞科,540,524,531,14,76221279,40694980627
2026-09-08,2409,友達,30.7,28.2,29.6,0.9,623892482,18452065566
2026-09-08,2412,中華電,139,137,139,1,11188451,1547651594
2026-09-08,2413,環科,49.6,45.85,45.95,-2.4,4634982,219909204
2026-09-08,2414,精技,52,51.6,51.7,-0.4,146537,7584509
2026-09-08,2415,錩新,28.5,27.45,27.9,-0.7,179099,4973123
2026-09-08,2417,圓剛,39.65,38.3,38.3,-1.5,916301,35430400
2026-09-08,2419,仲琦,27.45,26.7,26.7,-0.25,1284774,34627771
2026-09-08,2420,新巨,54.2,53.5,53.7,-0.5,326120,17531764
2026-09-08,2421,建準,172,165.5,168,-3.5,3308402,555711805
2026-09-08,2423,固緯,76.5,73.4,73.9,-0.4,38462,2857731
2026-09-08,2424,隴華,8.39,7.85,7.96,-0.14,26004,209757
2026-09-08,2425,承啟,37.7,36.95,37.2,-0.1,546180,20344975
2026-09-08,2426,鼎元,102.5,97.1,97.5,-1.6,39992731,3992511163
2026-09-08,2427,三商電,22.5,21.85,22.05,0.25,455247,10077243
2026-09-08,2428,興勤,259,251,253.5,-6,979542,247837417
2026-09-08,2429,銘旺科,31,30.4,30.4,-0.6,180330,5523953
2026-09-08,2430,燦坤,17.9,17.75,17.9,0,47670,851816
2026-09-08,2431,聯昌,10.1,9.93,9.93,-0.17,186176,1860093
2026-09-08,2432,倚天酷碁-創,28,27.75,28,0.1,9764,272427
2026-09-08,2433,互盛電,41.6,41.4,41.5,-0.1,27500,1141170
2026-09-08,2434,統懋,64.4,61.3,61.7,-3.1,582800,36439898
2026-09-08,2436,偉詮電,73,66.7,67.1,-4.6,18280129,1264003782
2026-09-08,2438,翔耀,20.85,20,20,-0.85,186053,3766180
2026-09-08,2439,美律,76.6,75.7,76.1,-0.8,1213081,92134750
2026-09-08,2440,太空梭,14.4,14.1,14.25,-0.2,217604,3090670
2026-09-08,2441,超豐,120.5,114,114.5,-3.5,4808086,558906931
2026-09-08,2442,新美齊,16.05,15.7,15.95,0,3136109,49969428
2026-09-08,2444,兆勁,12.9,11.5,11.55,-0.3,1185893,14459654
2026-09-08,2449,京元電子,277.5,267,268.5,-4.5,16085950,4357371033
2026-09-08,2450,神腦,28.35,28.1,28.15,-0.2,66620,1876627
2026-09-08,2451,創見,294,285,286,-3.5,2886271,834290655
2026-09-08,2453,凌群,52.2,51.8,51.8,-0.1,95926,4980782
2026-09-08,2454,聯發科,4830,4685,4710,-50,6511906,30947800640
2026-09-08,2455,全新,535,506,515,15,4653069,2430918918
2026-09-08,2457,飛宏,23,22.55,22.55,-0.35,644403,14588918
2026-09-08,2458,義隆,131,128,130.5,-0.5,1544886,199416266
2026-09-08,2459,敦吉,66.2,65.8,66.1,-0.3,80028,5275244
2026-09-08,2460,建通,28.65,28.1,28.1,-0.35,158157,4467845
2026-09-08,2461,光群雷,18.45,18.2,18.4,0.1,438497,8065427
2026-09-08,2462,良得電,19.7,19.2,19.2,-0.35,233433,4522736
2026-09-08,2464,盟立,210,192,194.5,-8.5,16615042,3326072619
2026-09-08,2465,麗臺,107,95.5,96.9,-5.6,6742508,680106850
2026-09-08,2466,冠西電,102,98.6,98.6,-1.9,706107,70222823
2026-09-08,2467,志聖,637,605,610,-9,1191148,741500169
2026-09-08,2468,華經,33.45,32.5,32.5,-1,239894,7860384
2026-09-08,2471,資通,49.75,49.35,49.4,-0.35,59055,2922040
2026-09-08,2472,立隆電,226.5,214.5,215.5,-10.5,2197572,478054503
2026-09-08,2474,可成,206,202,205,-3.5,4577901,932687551
2026-09-08,2476,鉅祥,123.5,118,119.5,-2.5,1514963,181683509
2026-09-08,2477,美隆電,21.65,21.5,21.6,-0.05,97251,2103073
2026-09-08,2478,大毅,126,121,121,-6,2622527,321856283
2026-09-08,2480,敦陽科,158,155.5,155.5,-2,78582,12272406
2026-09-08,2481,強茂,161.5,151,152.5,-5.5,26855469,4159236367
2026-09-08,2482,連宇,16.25,15.85,15.85,0.35,133980,2141816
2026-09-08,2483,百容,33.35,31.75,31.9,-1.15,1091631,35073981
2026-09-08,2484,希華,72,68.8,69,-1.3,4502261,314937795
2026-09-08,2485,兆赫,40.85,39.9,39.9,-0.8,1875649,75398820
2026-09-08,2486,一詮,258.5,245,245.5,-9,6410708,1598279444
2026-09-08,2488,漢平,48.5,48.35,48.35,-0.35,48132,2329910
2026-09-08,2489,瑞軒,41.5,39.15,39.15,-1.75,14853323,593022200
2026-09-08,2491,吉祥全,43,40.5,40.6,-2.4,1327944,55211057
2026-09-08,2492,華新科,320,309.5,318.5,-4.5,25418303,7992320153
2026-09-08,2493,揚博,186,178,179.5,-4.5,727385,131694907
2026-09-08,2495,普安,37.85,36.05,36.05,-1.35,1161268,42533067
2026-09-08,2496,卓越,55.4,55,55.1,0.1,5240,289472
2026-09-08,2497,怡利電,44.3,43.9,43.9,-0.35,261868,11524021
2026-09-08,2498,宏達電,41.45,40.2,40.2,-0.8,3851454,156942495
2026-09-08,2501,國建,22.5,22.25,22.4,0.1,1185856,26581578
2026-09-08,2504,國產,31.6,31.25,31.6,0.3,928674,29223814
2026-09-08,2505,國揚,17.4,17.2,17.25,0,143895,2487174
2026-09-08,2506,太設,8.58,8.51,8.58,0,63619,543392
2026-09-08,2509,全坤建,15,14.85,14.95,0.05,46415,693367
2026-09-08,2511,太子,8.56,8.47,8.47,-0.05,685341,5827536
2026-09-08,2514,龍邦,11.75,11.6,11.6,-0.15,59765,699043
2026-09-08,2515,中工,12,11.9,11.9,0,1720203,20531131
2026-09-08,2516,新建,14.25,14.1,14.1,0,143188,2028730
2026-09-08,2520,冠德,36.8,36.25,36.8,0.2,722466,26427363
2026-09-08,2524,京城,36,34.9,35.7,0,78333,2790734
2026-09-08,2527,宏璟,43.8,42.95,43.35,-0.05,267876,11606908
2026-09-08,2528,皇普,20.25,19.85,20.15,0.05,118347,2367968
2026-09-08,2530,華建,19.9,19.6,19.85,0.1,855690,16912731
2026-09-08,2534,宏盛,17.1,16.9,16.9,-0.05,144019,2445133
2026-09-08,2535,達欣工,89.9,88.9,89.1,-0.1,101544,9068339
2026-09-08,2536,宏普,18.95,18.8,18.85,0,650753,12262799
2026-09-08,2537,聯上發,11.4,11.3,11.4,0.1,276918,3143475
2026-09-08,2538,基泰,8.94,8.8,8.87,0.08,273481,2428947
2026-09-08,2539,櫻花建,35.6,35.1,35.25,0.1,950243,33644468
2026-09-08,2540,愛山林,48.2,46.7,48.2,1.3,591170,28236255
2026-09-08,2542,興富發,48,47.55,47.7,-0.3,4033278,192297271
2026-09-08,2543,皇昌,39.2,38.35,39.05,0.4,879180,34149973
2026-09-08,2545,皇翔,35.05,34.75,34.8,0.3,188403,6581071
2026-09-08,2546,根基,105,103.5,105,-0.5,114460,11952399
2026-09-08,2547,日勝生,10,9.94,9.96,0.01,931719,9278743
2026-09-08,2548,華固,94.8,93.9,94.6,0.4,440165,41557622
2026-09-08,2597,潤弘,172.5,170,171,0,189046,32435533
2026-09-08,2601,益航,6.85,6.77,6.8,0,1726038,11746082
2026-09-08,2603,長榮,233,228.5,229,-4,6325453,1453747463
2026-09-08,2605,新興,37.15,35.45,36.5,0.15,9484244,343956526
2026-09-08,2606,裕民,78.2,77,77.8,-0.8,2421495,187798305
2026-09-08,2607,榮運,53.5,52.7,53.2,0.1,247289,13119804
2026-09-08,2608,嘉里大榮,28.55,28.4,28.4,-0.15,107951,3074748
2026-09-08,2609,陽明,58.2,57.1,57.3,-0.8,15542080,893707445
2026-09-08,2610,華航,20.65,20.35,20.6,0.15,15148183,311489105
2026-09-08,2611,志信,14.25,13.95,14,-0.25,1044992,14688599
2026-09-08,2612,中航,64.2,63.3,64,0,292164,18642504
2026-09-08,2613,中櫃,22.9,22.65,22.9,0.2,283521,6449115
2026-09-08,2614,東森,18.2,18.1,18.15,0.1,278641,5055784
2026-09-08,2615,萬海,115,111,112,-2.5,11368928,1274261617
2026-09-08,2616,山隆,13.4,13.3,13.35,-0.05,63799,852216
2026-09-08,2617,台航,32.9,32.2,32.35,-0.55,1240620,40224194
2026-09-08,2618,長榮航,42.45,41.8,42.45,0.35,10255863,433403572
2026-09-08,2630,亞航,50.4,49,49,-0.8,709942,35143948
2026-09-08,2633,台灣高鐵,26.2,25.95,26.1,0.1,2675238,69813690
2026-09-08,2634,漢翔,67.9,65.2,65.9,-0.4,20073721,1337627668
2026-09-08,2636,台驊控股,69.5,68.7,68.7,-0.8,168222,11588278
2026-09-08,2637,慧洋-KY,99.3,97.1,98.1,-1.1,1829124,178817731
2026-09-08,2642,宅配通,20.5,20.2,20.2,-0.2,34034,692873
2026-09-08,2645,長榮航太,175,172,172.5,-1.5,1095147,189648904
2026-09-08,2646,星宇航空,21.9,20.55,20.6,0.1,6487081,135779694
2026-09-08,2701,萬企,10.4,10.35,10.35,-0.05,66332,687825
2026-09-08,2702,華園,12.8,12.6,12.7,0,38110,486750
2026-09-08,2704,國賓,46,45.5,45.55,-0.05,77242,3529928
2026-09-08,2705,六福,15.7,15.55,15.6,-0.05,35841,559616
2026-09-08,2706,第一店,12.25,12.15,12.2,0,157618,1922433
2026-09-08,2707,晶華,178.5,177.5,178,-1,123196,21927522
2026-09-08,2712,遠雄來,14.6,14.3,14.3,-0.3,13003,188083
2026-09-08,2722,夏都,21.9,21.55,21.55,-0.3,26274,567432
2026-09-08,2723,美食-KY,83,81,81.7,-0.7,331809,27143169
2026-09-08,2727,王品,231.5,229,230,0,158491,36504847
2026-09-08,2731,雄獅,144.5,143,143,-1.5,229888,32965508
2026-09-08,2739,寒舍,38,37.55,37.7,-0.25,20863,785623
2026-09-08,2748,雲品,39.55,39,39.4,0.55,174568,6855639
2026-09-08,2753,八方雲集,180,179,179,-0.5,66837,11982288
2026-09-08,2762,世界健身-KY,82.4,81.6,81.8,-0.4,34896,2863609
2026-09-08,2801,彰銀,27.3,26.3,27.25,0.75,35457646,956211614
2026-09-08,2812,台中銀,19.5,19.1,19.4,0.15,10612005,205266496
2026-09-08,2816,旺旺保,39.15,38.7,39.15,0.35,179854,6997114
2026-09-08,2820,華票,17.05,16.8,17,0.15,2638962,44688722
2026-09-08,2832,台產,58.2,57.8,58,0.1,108536,6289180
2026-09-08,2834,臺企銀,17.7,17.1,17.7,0.5,64877865,1137988807
2026-09-08,2836,高雄銀,12.3,12.15,12.25,0.05,1056940,12933991
2026-09-08,2838,聯邦銀,21.35,20.85,21.3,0.35,2715438,57411693
2026-09-08,2845,遠東銀,13.75,13.45,13.7,-0.05,12487760,169614553
2026-09-08,2849,安泰銀,16.2,15.6,16.2,0.5,553577,8817146
2026-09-08,2850,新產,158.5,156.5,157.5,0.5,106920,16866154
2026-09-08,2851,中再保,45.7,44.5,45.65,0.7,2582791,117019809
2026-09-08,2852,第一保,28.25,27.9,28.05,0.1,173978,4882483
2026-09-08,2855,統一證,52.3,51.2,52.2,0.2,5246454,272378746
2026-09-08,2880,華南金,45.25,44.1,45.15,0.8,13254248,595052169
2026-09-08,2881,富邦金,150.5,148,149,-0.5,12457783,1865067138
2026-09-08,2882,國泰金,115.5,112.5,113.5,-1,19991277,2272611683
2026-09-08,2883,凱基金,37.6,36.75,37.3,0.35,34505752,1288349759
2026-09-08,2884,玉山金,45.65,43.4,45.55,2,66912684,3013404846
2026-09-08,2885,元大金,70.8,69.8,70.6,0.4,15507453,1090344945
2026-09-08,2886,兆豐金,50.7,49.75,50.6,0.4,24420363,1231956698
2026-09-08,2887,台新新光金,42.8,40.95,42.8,1.7,67844119,2865321914
2026-09-08,2889,國票金,16.7,16.35,16.6,0.15,12640762,209017237
2026-09-08,2890,永豐金,43.5,42.15,43.45,0.85,30010862,1296826792
2026-09-08,2891,中信金,68.3,67.2,68.2,0.8,28102434,1909132824
2026-09-08,2892,第一金,37.9,36.85,37.85,0.55,28543044,1073486259
2026-09-08,2897,王道銀行,10.95,10.7,10.95,0.2,3694946,40115830
2026-09-08,2901,欣欣,23.75,23.3,23.75,0.05,19100,451473
2026-09-08,2903,遠百,22.55,22.2,22.45,0.2,1039929,23316660
2026-09-08,2904,匯僑,12.7,12.6,12.7,0.05,22083,279460
2026-09-08,2905,三商,18.4,17.65,18.25,0.35,1332893,24065430
2026-09-08,2906,高林,13.8,13.6,13.75,0,120327,1649381
2026-09-08,2908,特力,22.35,22.05,22.25,0,246093,5459187
2026-09-08,2910,統領,24.35,24.05,24.05,0.3,9040,218772
2026-09-08,2911,麗嬰房,6.47,6.3,6.42,0.03,39269,250770
2026-09-08,2912,統一超,218.5,215,217,2,1948723,423434286
2026-09-08,2913,農林,11.05,10.95,11,0.05,463261,5088457
2026-09-08,2915,潤泰全,57.6,56.4,57.4,0.7,1332452,75986367
2026-09-08,2923,鼎固-KY,27.5,25.55,26.7,-0.4,112876,2992924
2026-09-08,2929,淘帝-KY,5.73,5.63,5.71,-0.01,33290,189031
2026-09-08,2939,永邑-KY,20,19.75,20,0.25,8401,167770
2026-09-08,3002,歐格,17.5,17.25,17.35,0.05,66040,1148809
2026-09-08,3003,健和興,59.9,58.1,58.7,-0.3,1588467,93357931
2026-09-08,3004,豐達科,122.5,120.5,121,1,282107,34246493
2026-09-08,3005,神基,113.5,112,112.5,-0.5,1571494,176868799
2026-09-08,3006,晶豪科,306,291.5,298.5,1.5,18083273,5389079212
2026-09-08,3008,大立光,6660,6350,6500,-160,1975094,12757771195
2026-09-08,3010,華立,129.5,127,127,-2.5,337014,43047120
2026-09-08,3011,今皓,10.1,9.78,9.97,-0.03,1670722,16575056
2026-09-08,3013,晟銘電,86.9,83.8,83.8,-2.5,944628,80039907
2026-09-08,3014,聯陽,133,130,130,-2,555777,72566909
2026-09-08,3015,全漢,53.2,52.3,52.4,-0.6,186113,9776265
2026-09-08,3016,嘉晶,108.5,101,101.5,1,11481206,1202736587
2026-09-08,3017,奇鋐,3455,3245,3285,-135,3350997,11125560060
2026-09-08,3018,隆銘綠能,11.6,11.2,11.2,-0.4,50412,576379
2026-09-08,3019,亞光,143.5,138.5,138.5,-3.5,3749025,526879742
2026-09-08,3021,鴻名,26.7,24.35,25.1,-0.35,1338642,33962255
2026-09-08,3022,威強電,89.4,85.5,86.4,-5.1,3966075,345178231
2026-09-08,3023,信邦,339.5,318,323,-16.5,1362519,441234744
2026-09-08,3024,憶聲,14.45,13.7,13.8,-0.5,1104427,15387945
2026-09-08,3025,星通,51.3,50,50.4,-0.5,173371,8768944
2026-09-08,3026,禾伸堂,776,738,747,-24,11962376,9027794980
2026-09-08,3027,盛達,18.35,17.9,18.05,0,159512,2876124
2026-09-08,3028,增你強,64.4,62.2,62.3,-1.1,965578,60743109
2026-09-08,3029,零壹,115.5,111.5,111.5,2,2431884,276296892
2026-09-08,3030,德律,278,268.5,270,-12,1837612,502104084
2026-09-08,3031,佰鴻,24.5,23.8,23.8,-0.8,445010,10687703
2026-09-08,3032,偉訓,79.2,78.3,78.6,0,197789,15565082
2026-09-08,3033,威健,43.7,42.8,43.3,0.05,2464313,106574638
2026-09-08,3034,聯詠,543,524,534,-6,2042980,1085106937
2026-09-08,3035,智原,183,174.5,175,-4,2837813,502855334
2026-09-08,3036,文曄,193.5,188,189.5,-3,5644207,1071022720
2026-09-08,3037,欣興,975,939,954,5,17812108,17042118575
2026-09-08,3038,全台,20.35,19.95,20,-0.1,246952,4950468
2026-09-08,3040,遠見,35.8,34.7,35.8,0.1,118849,4184266
2026-09-08,3041,揚智,23.35,22.5,22.5,-0.4,437292,9939684
2026-09-08,3042,晶技,181,171.5,172,-4.5,5736921,1002682602
2026-09-08,3043,科風,21,20.7,20.85,-0.1,66223,1377827
2026-09-08,3044,健鼎,499,483.5,484,-9,1287611,630749314
2026-09-08,3045,台灣大,118,116.5,118,1,4457218,524569988
2026-09-08,3046,建碁,54.6,53.8,54,-0.4,278687,15036857
2026-09-08,3047,訊舟,13.55,13.25,13.25,-0.15,378337,5033694
2026-09-08,3048,益登,53.9,51.9,52,-1.5,1473165,77296312
2026-09-08,3049,精金,12.95,12.5,12.5,-0.25,4528862,57172244
2026-09-08,3050,鈺德,11.45,11.2,11.3,-0.1,357146,4022172
2026-09-08,3051,力特,21.7,21.2,21.25,-0.25,450697,9642986
2026-09-08,3052,夆典,10.5,10.4,10.5,0.05,133865,1399233
2026-09-08,3054,立萬利,60.1,56.9,57,-0.8,189041,11014127
2026-09-08,3055,蔚華科,146,135.5,146,11.5,8161748,1152877218
2026-09-08,3056,富華新,14.05,13.9,13.95,-0.1,347504,4849209
2026-09-08,3057,喬鼎,17,16.6,16.6,-0.45,60831,1024609
2026-09-08,3058,立德,8.1,8,8.02,0.02,433080,3484165
2026-09-08,3059,華晶科,39.2,38.4,38.5,-0.5,1574545,60968802
2026-09-08,3060,銘異,26.45,25.9,25.95,-0.25,652758,17018549
2026-09-08,3062,建漢,20.75,20.35,20.4,-0.1,635424,12989169
2026-09-08,3090,日電貿,172,167.5,167.5,-4,4056114,685703420
2026-09-08,3092,鴻碩,23.85,23.5,23.65,0.1,160743,3804623
2026-09-08,3094,聯傑,45.8,40.6,41.25,-3.55,10973412,462566055
2026-09-08,3130,一零四,210,209,210,0,12907,2707499
2026-09-08,3135,凌航,174.5,171,171,-2,659184,114032363
2026-09-08,3138,耀登,94.1,91.2,91.2,-2.4,137501,12656358
2026-09-08,3149,正達,61.6,60,60.2,-0.6,2386590,144614243
2026-09-08,3150,鈺寶-創,16.55,15.7,16.1,-0.55,92383,1473923
2026-09-08,3164,景岳,16,15.75,15.75,-0.2,12734,202573
2026-09-08,3167,大量,971,871,938,55,16040426,14952181089
2026-09-08,3168,眾福科,43.5,43.1,43.5,0.4,23171,1001743
2026-09-08,3189,景碩,832,792,800,-13,11072227,8940456936
2026-09-08,3209,全科,46.35,45.35,45.35,-0.55,1133810,51562820
2026-09-08,3229,晟鈦,55.6,49,55.2,4.6,2773017,149504673
2026-09-08,3231,緯創,189,182.5,186.5,-10.5,123233695,22910532283
2026-09-08,3257,虹冠電,49.85,47.8,47.8,-1.3,501217,24109687
2026-09-08,3266,昇陽,14.05,13.9,14,-0.05,24105,336479
2026-09-08,3296,勝德,24.2,24,24,-0.25,11176,268752
2026-09-08,3305,昇貿,109,103,103.5,-6,3067841,322046502
2026-09-08,3308,聯德,22.3,21.7,21.75,-0.15,21493,469978
2026-09-08,3311,閎暉,32,31.4,31.55,-0.2,134953,4258860
2026-09-08,3312,弘憶股,51.8,50.1,50.1,0,869514,44123924
2026-09-08,3321,同泰,17.8,17.15,17.2,-0.5,252186,4376283
2026-09-08,3338,泰碩,71.8,67.4,68.2,2.2,2118978,147943700
2026-09-08,3346,麗清,18.7,18.3,18.4,-0.3,227329,4212486
2026-09-08,3356,奇偶,60.1,59.5,59.6,-0.7,416766,24903954
2026-09-08,3376,新日興,210,203,203.5,-3,2819423,580312771
2026-09-08,3380,明泰,30.55,29.75,29.9,0.05,3060824,92027472
2026-09-08,3406,玉晶光,1050,970,1010,23,1972893,1993222953
2026-09-08,3413,京鼎,286,281,281.5,-2.5,600878,169659502
2026-09-08,3416,融程電,166.5,160.5,160.5,-9,1024018,166204406
2026-09-08,3419,譁裕,11.6,11.25,11.25,-0.25,296550,3357484
2026-09-08,3432,台端,14.25,14.1,14.1,-0.25,12531,177642
2026-09-08,3437,榮創,18.25,17.8,17.95,0,264138,4766682
2026-09-08,3443,創意,6100,5730,5960,25,1602965,9512725720
2026-09-08,3447,展達,28.85,28.1,28.1,-0.75,48739,1381583
2026-09-08,3450,聯鈞,585,527,527,-58,2990181,1619897526
2026-09-08,3481,群創,50.6,48.8,48.8,-1.15,188143635,9315338344
2026-09-08,3494,誠研,7.16,6.95,7.08,-0.02,60049,421272
2026-09-08,3501,維熹,39.85,39.5,39.55,-0.05,55555,2202725
2026-09-08,3504,揚明光,86,82.6,83.2,-1.3,1740496,146020123
2026-09-08,3515,華擎,232,221.5,221.5,-9.5,574568,129356634
2026-09-08,3518,柏騰,30.35,29.1,29.1,-0.65,513193,15103238
2026-09-08,3528,安馳,83.3,81.3,81.3,-1.7,178681,14630331
2026-09-08,3530,晶相光,59.4,56.5,56.8,-0.8,101169,5841536
2026-09-08,3532,台勝科,438.5,397,398,-5,9378177,3918611910
2026-09-08,3533,嘉澤,1695,1610,1620,-75,679777,1117337600
2026-09-08,3535,晶彩科,93.3,88.3,89.2,-1.7,1601469,145116011
2026-09-08,3543,州巧,44.9,43.2,43.35,-1.05,1277806,55958444
2026-09-08,3545,敦泰,51.6,50.2,51.1,0.1,578481,29538971
2026-09-08,3550,聯穎,23.05,22.5,22.65,-0.3,689530,15648755
2026-09-08,3557,嘉威,24.5,24.2,24.5,0,15848,385853
2026-09-08,3563,牧德,709,691,695,-4,297279,207367150
2026-09-08,3576,聯合再生,17.1,16.85,16.9,-0.15,3627139,61378973
2026-09-08,3583,辛耘,764,723,740,18,1736193,1292771627
2026-09-08,3588,通嘉,55.5,52.4,52.4,-0.8,407029,21998498
2026-09-08,3591,艾笛森,23.8,23.1,23.4,-0.2,980618,22961387
2026-09-08,3592,瑞鼎,223.5,218.5,218.5,-3,336605,73952236
2026-09-08,3593,力銘,10.4,10.35,10.4,-0.1,5355,55475
2026-09-08,3596,智易,159.5,155,155.5,-4,1540332,241430192
2026-09-08,3605,宏致,132.5,120,124,3.5,16952861,2159676202
2026-09-08,3607,谷崧,13.7,13.4,13.55,-0.15,256224,3466589
2026-09-08,3617,碩天,252.5,244.5,245,-3.5,322028,80068208
2026-09-08,3622,洋華,50.5,49.6,49.6,0,357385,17893374
2026-09-08,3645,達邁,74.5,71,73.7,1.9,4826440,353897417
2026-09-08,3652,精聯,32.5,32,32,-0.4,51094,1645473
2026-09-08,3653,健策,5720,5480,5550,-105,990252,5523289740
2026-09-08,3661,世芯-KY,4105,3985,4030,-10,1620933,6523980920
2026-09-08,3665,貿聯-KY,2070,1930,1935,-135,3246234,6422307915
2026-09-08,3669,圓展,33.4,32.75,32.75,-0.3,192211,6325300
2026-09-08,3673,TPK-KY,66.8,63.7,63.9,-1.9,3450909,223227803
2026-09-08,3679,新至陞,107.5,106.5,107.5,-0.5,24352,2611851
2026-09-08,3686,達能,14.55,14.15,14.2,-0.2,20140,286710
2026-09-08,3694,海華,50.5,49.15,49.4,-1.1,685411,34134307
2026-09-08,3701,大眾控,41.35,40.35,40.6,-0.4,498043,20253180
2026-09-08,3702,大聯大,105.5,103.5,104.5,-0.5,3765681,393522413
2026-09-08,3703,欣陸,19.9,19.7,19.85,0.1,380111,7528547
2026-09-08,3704,合勤控,40.15,38.9,38.9,-0.8,1557833,61208448
2026-09-08,3705,永信,56.5,56,56.1,-0.3,301995,16973971
2026-09-08,3706,神達,92.7,91.1,91.3,-1.3,16006347,1465870708
2026-09-08,3708,上緯投控,100,99.3,99.6,0,324742,32416663
2026-09-08,3711,日月光投控,623,608,618,-3,13336567,8220755524
2026-09-08,3712,永崴投控,20.75,20.55,20.65,0,429005,8845670
2026-09-08,3714,富采,67.5,64.6,64.9,-2.3,11427655,755237406
2026-09-08,3715,定穎投控,130.5,124,126.5,7,12850292,1636196114
2026-09-08,3716,中化控股,34.3,33.9,34,0.1,179928,6143437
2026-09-08,3717,聯嘉投控,21.95,21.3,21.4,-0.45,1473154,31687391
2026-09-08,4104,佳醫,71.2,70.9,71.1,-0.1,76342,5422910
2026-09-08,4106,雃博,24.5,24.1,24.5,0.05,105217,2553306
2026-09-08,4108,懷特,11.45,11.2,11.2,-0.2,134299,1512431
2026-09-08,4119,旭富,54.6,52.2,53.8,-0.8,281897,15033711
2026-09-08,4133,亞諾法,20.55,20.2,20.3,-0.2,96061,1961181
2026-09-08,4137,麗豐-KY,78.1,77.1,77.1,-1,227060,17609322
2026-09-08,4142,國光生,17.85,17.55,17.55,-0.15,653045,11504471
2026-09-08,4148,全宇生技-KY,31.3,31.1,31.1,-0.55,10729,335443
2026-09-08,4155,訊映,14.3,14.15,14.15,-0.15,80397,1140748
2026-09-08,4164,承業醫,26.15,25.8,25.8,-0.1,166514,4322093
2026-09-08,4169,泰宗,152,149,149,-1.5,120659,18106123
2026-09-08,4178,永笙-KY,16.95,16.8,16.85,-0.15,65393,1101629
2026-09-08,4190,佐登-KY,26,25.85,26,0,5943,154354
2026-09-08,4195,基米-創,13.9,13.45,13.8,0.05,95929,1307497
2026-09-08,4306,炎洲,15.25,15,15.1,0.1,930151,14055543
2026-09-08,4414,如興,8.26,8.14,8.16,0.09,96522,789470
2026-09-08,4426,利勤,7.6,7.52,7.55,-0.04,84686,640670
2026-09-08,4438,廣越,57.8,57,57.6,-0.3,121495,6962371
2026-09-08,4439,冠星-KY,96.1,94.9,96.1,-0.2,17459,1664336
2026-09-08,4440,宜新實業,17.65,17.55,17.6,-0.1,14784,260075
2026-09-08,4441,振大環球,175.5,172.5,175,0.5,40920,7134794
2026-09-08,4526,東台,33.45,31.95,32.15,-0.2,7125604,233738952
2026-09-08,4532,瑞智,23.8,23.55,23.75,0.25,731282,17340613
2026-09-08,4536,拓凱,164.5,162.5,162.5,-0.5,106217,17346113
2026-09-08,4540,全球傳動,59.8,57.5,57.7,-2.1,1484966,86284845
2026-09-08,4545,銘鈺,31.9,31.5,31.65,-0.7,37807,1200589
2026-09-08,4551,智伸科,168,162,163,-4.5,976163,159874071
2026-09-08,4552,力達-KY,16.5,16,16.05,-0.4,405959,6546417
2026-09-08,4555,氣立,44.75,42.8,42.95,-1.95,354730,15372576
2026-09-08,4557,永新-KY,50.2,49.55,49.65,-0.15,27513,1377643
2026-09-08,4560,強信-KY,29.25,28.6,29.15,0.55,187751,5413420
2026-09-08,4562,穎漢,30.5,29.8,30.05,-0.45,103634,3114815
2026-09-08,4564,元翎,16,15.7,15.8,-0.15,821169,12947456
2026-09-08,4566,時碩工業,63.6,62.6,62.7,-0.9,647852,40759650
2026-09-08,4569,六方科-KY,178,171.5,171.5,-6,95974,16750403
2026-09-08,4571,鈞興-KY,158,155,155,-3,92157,14379285
2026-09-08,4572,駐龍,143.5,141.5,141.5,-1.5,19554,2785645
2026-09-08,4576,大銀微系統,252,230.5,235.5,-11.5,4225651,1014282995
2026-09-08,4582,聚恆-創,23.25,23,23,-0.05,42806,987886
2026-09-08,4583,台灣精銳,467.5,459,463,1,52009,24061717
2026-09-08,4585,達明,299.5,294,297,-0.5,304054,89936652
2026-09-08,4588,玖鼎電力,51.7,50.2,51.4,-0.7,37752,1922768
2026-09-08,4590,富田-創,90,88.5,89.1,-0.5,195382,17408866
2026-09-08,4720,德淵,18.6,18.2,18.5,0.05,277279,5102659
2026-09-08,4722,國精化,202,190.5,193,-7,1129829,220193526
2026-09-08,4736,泰博,125,123,124.5,-1,260921,32397206
2026-09-08,4737,華廣,58.8,57.2,58.8,-0.2,82691,4805075
2026-09-08,4739,康普,82.8,81.6,82.1,-0.4,667204,54752903
2026-09-08,4746,台耀,46.4,45.5,45.55,-0.85,823677,37688680
2026-09-08,4755,三福化,117,114,115,-1,285434,32773569
2026-09-08,4763,材料*-KY,50.8,49.15,49.15,-1.45,5671156,281318118
2026-09-08,4764,雙鍵,227,217,218.5,-9.5,733389,161521267
2026-09-08,4766,南寶,347,342.5,346,1.5,139314,47971275
2026-09-08,4770,上品,240,233,234,-5,515629,122008369
2026-09-08,4771,望隼,214,207.5,211.5,5.5,355982,75196208
2026-09-08,4807,日成-KY,28.65,27.4,27.6,0.2,183312,5119659
2026-09-08,4904,遠傳,104,102,104,2,3937909,406850250
2026-09-08,4906,正文,36.95,35.8,36.1,-0.7,4312150,156500059
2026-09-08,4912,聯德控股-KY,102,99.7,100.5,-1.5,377069,38102150
2026-09-08,4915,致伸,60.7,60,60.5,0.3,1685600,101910140
2026-09-08,4916,事欣科,97.4,95.3,95.3,-1.8,1393046,133892282
2026-09-08,4919,新唐,124.5,117.5,118,-4.5,2625723,313462835
2026-09-08,4927,泰鼎-KY,46,42.8,43.05,0.05,7483397,330772964
2026-09-08,4930,燦星網,16.3,16.2,16.2,0,6961,113982
2026-09-08,4934,太極,13.9,13.6,13.7,0.1,272653,3749229
2026-09-08,4935,茂林-KY,33.1,32.85,33.1,0,77227,2552722
2026-09-08,4938,和碩,92.8,90.1,91.7,-1.9,11774680,1074368050
2026-09-08,4942,嘉彰,33,32.75,32.75,-0.25,99851,3278951
2026-09-08,4943,康控-KY,7,6.86,7,0.39,49548,343049
2026-09-08,4949,有成精密,77.8,76.4,76.5,-0.7,333569,25642891
2026-09-08,4952,凌通,51.1,48.5,48.6,-2,439269,21633211
2026-09-08,4956,光鋐,35.45,34.1,34.1,-1,1610806,55847275
2026-09-08,4958,臻鼎-KY,524,500,505,4,33442577,17072598189
2026-09-08,4960,誠美材,21.05,20.45,20.65,-0.35,1561141,32206052
2026-09-08,4961,天鈺,179,168,177.5,12,3232322,564542796
2026-09-08,4967,十銓,287.5,280.5,280.5,3,7121214,2022957014
2026-09-08,4968,立積,91.1,88.6,89,-1.3,408887,36505791
2026-09-08,4976,佳凌,37.8,36.7,36.7,-0.5,1726227,64031706
2026-09-08,4977,眾達-KY,180,170,173,-6.5,2716824,475156259
2026-09-08,4989,榮科,62.2,60.3,60.3,-1.5,2454256,149618713
2026-09-08,4994,傳奇,83,81.2,81.9,0.2,6687,548287
2026-09-08,4999,鑫禾,18.35,18.05,18.05,-0.3,53875,979009
2026-09-08,5007,三星,56.6,56,56.6,0,54849,3101958
2026-09-08,5203,訊連,57.7,56.6,56.6,-1.6,239909,13693694
2026-09-08,5215,科嘉-KY,38.95,38.3,38.4,-0.6,30988,1195697
2026-09-08,5222,全訊,105.5,103.5,104,-1.5,165821,17278597
2026-09-08,5225,東科-KY,56.8,54.7,54.7,-1.7,364090,20142676
2026-09-08,5234,達興材料,302,296,296,-6,189626,56648847
2026-09-08,5236,凌陽創新,138,134,134.5,-3,105112,14192568
2026-09-08,5243,乙盛-KY,95.5,91.4,91.6,-3.8,1133051,105478744
2026-09-08,5244,弘凱,35,34.4,34.5,0.25,114214,3960723
2026-09-08,5258,虹堡,47.4,44.3,44.3,-1.6,680239,30731302
2026-09-08,5269,祥碩,1445,1395,1400,-40,468647,660409605
2026-09-08,5283,禾聯碩,54.3,53.9,54,-0.1,76378,4134535
2026-09-08,5284,jpp-KY,320,308,309.5,-9,366710,114369777
2026-09-08,5285,界霖,88.2,85.4,85.9,-1.8,769712,66712899
2026-09-08,5288,豐祥-KY,190.5,186,186,-5,120363,22582611
2026-09-08,5292,華懋,220.5,215,217.5,-2.5,79586,17303369
2026-09-08,5306,桂盟,93.4,92.3,92.7,-0.4,45655,4236229
2026-09-08,5388,中磊,75.8,73.3,73.5,-1.8,4057357,300911982
2026-09-08,5434,崇越,546,529,532,-9,577176,307687051
2026-09-08,5469,瀚宇博,72.7,71.1,71.1,-1.2,914139,65460636
2026-09-08,5471,松翰,59,55,55,-6,4871986,273787573
2026-09-08,5484,慧友,43.3,38.85,43.3,3.9,832855,35132641
2026-09-08,5515,建國,52.1,51.3,52.1,0.3,211461,10925229
2026-09-08,5519,隆大,26.85,26.7,26.8,0,270007,7232673
2026-09-08,5521,工信,10.65,10.5,10.55,0,880559,9309837
2026-09-08,5522,遠雄,63.9,63.1,63.6,0.3,212521,13523124
2026-09-08,5525,順天,22.25,22.05,22.2,-0.05,80555,1781170
2026-09-08,5531,鄉林,7.31,7.22,7.24,0.02,430159,3130445
2026-09-08,5533,皇鼎,14,13.65,13.9,0,128830,1782912
2026-09-08,5534,長虹,76,75.2,75.9,0.3,219909,16643991
2026-09-08,5538,東明-KY,37.55,36.65,36.8,-0.2,44369,1642326
2026-09-08,5546,永固-KY,15.6,14.4,14.6,-0.35,89056,1314704
2026-09-08,5607,遠雄港,55.7,54.6,54.9,-0.3,703208,38628375
2026-09-08,5608,四維航,17.3,17.05,17.25,-0.05,2391936,41057329
2026-09-08,5706,鳳凰,45.4,44.65,44.85,-0.15,85168,3812096
2026-09-08,5871,中租-KY,115,113,115,2.5,9698513,1108623497
2026-09-08,5876,上海商銀,48.75,46.45,48.75,1.8,19081290,914318637
2026-09-08,5880,合庫金,26.85,26.2,26.85,0.35,20999269,558956280
2026-09-08,5907,大洋-KY,4.94,4.78,4.8,-0.05,386324,1870806
2026-09-08,6005,群益證,32.95,32.45,32.65,-0.05,4008690,130946681
2026-09-08,6024,群益期,62,60.6,61.2,-1.7,1181502,72003807
2026-09-08,6108,競國,22.9,22.15,22.25,-0.7,1446413,32363262
2026-09-08,6112,邁達特,45.3,44.5,44.55,-0.7,440031,19819432
2026-09-08,6115,鎰勝,44.4,44,44.1,0,91489,4043666
2026-09-08,6116,彩晶,14.5,14.1,14.3,0.1,24707474,354705731
2026-09-08,6117,迎廣,63.2,62.6,62.6,-0.8,148919,9375549
2026-09-08,6120,達運,12.45,12.2,12.2,-0.15,621940,7658177
2026-09-08,6128,上福,19.75,19.4,19.45,-0.35,130572,2552987
2026-09-08,6133,金橋,25.2,24.2,24.5,-0.3,4155855,102902967
2026-09-08,6136,富爾特,24.65,24.45,24.65,0.6,189102,4652360
2026-09-08,6139,亞翔,753,739,742,3,1159350,863969704
2026-09-08,6141,柏承,51.6,48.8,49.4,-2.5,3064017,151791783
2026-09-08,6142,友勁,8.6,8.5,8.51,-0.04,166097,1420379
2026-09-08,6152,百一,13.65,13.3,13.45,-0.05,514532,6904269
2026-09-08,6153,嘉聯益,18.1,17.3,17.4,0.05,2802158,49485550
2026-09-08,6155,鈞寶,58.3,56.2,56.4,-1.8,964475,54945210
2026-09-08,6164,華興,11.85,11.5,11.55,-0.15,418948,4886585
2026-09-08,6165,浪凡,49,47.55,47.6,-1.15,433917,20837000
2026-09-08,6166,凌華,118,114,114.5,-1.5,1558215,179615277
2026-09-08,6168,宏齊,30.1,28.5,28.55,-0.85,5198942,151674373
2026-09-08,6176,瑞儀,92.4,90.2,91.1,-0.3,1675053,152081989
2026-09-08,6177,達麗,48,47.2,47.75,0.35,643443,30697519
2026-09-08,6183,關貿,92.5,91.7,92.5,0,17235,1592602
2026-09-08,6184,大豐電,40.1,39.6,39.9,-0.2,144133,5736642
2026-09-08,6189,豐藝,47.45,46.85,46.85,-0.7,427783,20115762
2026-09-08,6191,精成科,83.4,81.7,81.7,-1.1,1082500,88989082
2026-09-08,6192,巨路,115,114,115,0,79746,9136263
2026-09-08,6196,帆宣,522,499,503,-11,1322242,671038596
2026-09-08,6197,佳必琪,310,300,300.5,-7.5,1048510,318126089
2026-09-08,6201,亞弘電,44.8,44.1,44.8,0,21759,967880
2026-09-08,6202,盛群,59.1,56.4,56.9,-2.1,1868060,106364641
2026-09-08,6205,詮欣,65.8,64,64.7,-0.5,213366,13750922
2026-09-08,6206,飛捷,136.5,132.5,134,-2,957548,127830353
2026-09-08,6209,今國光,81.1,77.1,77.5,-1.6,7464127,591504530
2026-09-08,6213,聯茂,539,500,510,-3,15951216,8219489956
2026-09-08,6214,精誠,186,184,185,0,1357191,250847211
2026-09-08,6215,和椿,98.8,95,95.6,-2.2,527807,50817068
2026-09-08,6216,居易,20.4,19.8,19.85,-0.6,536087,10744575
2026-09-08,6224,聚鼎,89,84.6,84.6,-4.2,2150301,184792807
2026-09-08,6225,天瀚,62.1,60.8,61.5,0.6,84622,5192460
2026-09-08,6226,光鼎,32.7,29.6,29.6,-2.8,17602029,537414317
2026-09-08,6230,尼得科超眾,111.5,108,108,-5,37897,4135737
2026-09-08,6235,華孚,39.4,38.4,38.4,-0.6,195147,7562478
2026-09-08,6239,力成,290.5,274,275.5,-4.5,14541717,4084627222
2026-09-08,6243,迅杰,39.05,37.75,37.75,-1.3,370023,14154080
2026-09-08,6257,矽格,218.5,208,209,-4,7134116,1504952157
2026-09-08,6269,台郡,69.6,65.5,65.8,-2,6142014,414321133
2026-09-08,6271,同欣電,232,222,223,-9.5,4123139,930429790
2026-09-08,6272,驊陞,29.5,28.6,28.6,-1.1,393566,11391548
2026-09-08,6277,宏正,79.3,77.7,78.1,-1.5,171703,13435012
2026-09-08,6278,台表科,196,187.5,188.5,-6.5,3990059,755947759
2026-09-08,6281,全國電,51.6,51.4,51.4,-0.2,16976,874319
2026-09-08,6282,康舒,44.75,43.15,43.25,-1.1,5100061,222236735
2026-09-08,6283,淳安,20.15,19.85,20.05,0,73315,1464746
2026-09-08,6285,啟碁,245,235.5,236,-3.5,2327055,555546276
2026-09-08,6405,悅城,39.8,38.65,38.65,-0.55,416013,16259274
2026-09-08,6409,旭隼,985,954,958,-19,377702,364199140
2026-09-08,6412,群電,77.1,74.6,74.7,-2.3,1487988,112144170
2026-09-08,6414,樺漢,389,375,376,-13.5,1639469,621257516
2026-09-08,6415,矽力*-KY,420,406,410,-8,2783162,1145249344
2026-09-08,6416,瑞祺電通,109.5,104.5,105.5,5.7,2854526,308706750
2026-09-08,6426,統新,325.5,297.5,307,11,8927916,2839134072
2026-09-08,6431,光麗-KY,19.55,19.25,19.25,-0.3,15520,300383
2026-09-08,6438,迅得,155.5,152.5,152.5,-3,251085,38694391
2026-09-08,6442,光聖,1775,1690,1695,-5,1850559,3200412730
2026-09-08,6443,元晶,24.6,24,24,-0.6,2764685,66692927
2026-09-08,6446,藥華藥,1450,1345,1405,80,4860872,6829452740
2026-09-08,6449,鈺邦,234.5,225,225,-6.5,1749066,400979240
2026-09-08,6451,訊芯-KY,458,433,435,-13.5,2689560,1193595622
2026-09-08,6456,GIS-KY,69.4,66.1,66.8,-2,2827203,190054713
2026-09-08,6464,台數科,78,77,78,0,6214,483616
2026-09-08,6472,保瑞,428,412.5,412.5,-3.5,650695,272347634
2026-09-08,6477,安集,34.8,34.2,34.2,-0.4,503720,17289818
2026-09-08,6491,晶碩,381,375,376,-3.5,128416,48420902
2026-09-08,6504,南六,38.1,37.35,37.35,-0.35,30118,1135098
2026-09-08,6505,台塑化,80.5,78.3,79.6,-0.1,11368497,903910025
2026-09-08,6515,穎崴,7700,6945,7700,700,819272,6110561680
2026-09-08,6525,捷敏-KY,136,129.5,130.5,-3,989725,130027016
2026-09-08,6526,達發,653,636,643,-1,335172,216042592
2026-09-08,6531,愛普*,979,924,931,-29,2388928,2267831314
2026-09-08,6533,晶心科,261.5,252.5,256,-1,1516453,391592243
2026-09-08,6534,正瀚-創,93.2,91.6,92.1,-0.3,33039,3051985
2026-09-08,6541,泰福-KY,32.1,31.35,31.8,0.2,203704,6482548
2026-09-08,6550,北極星藥業-KY,10.35,9.99,10.15,-0.15,2022559,20466936
2026-09-08,6552,易華電,24.1,23.7,23.75,-0.25,28600,682769
2026-09-08,6558,興能高,24.5,23.5,23.55,-0.7,207150,4936658
2026-09-08,6573,虹揚-KY,16.95,16.2,16.3,0.1,196787,3220174
2026-09-08,6579,研揚,152.5,146.5,147.5,-4.5,388630,57498737
2026-09-08,6581,鋼聯,112,110,111.5,2.5,39626,4410806
2026-09-08,6582,申豐,32,31.7,31.95,0.05,13498,430397
2026-09-08,6585,鼎基,114,111,111,-3,138609,15538226
2026-09-08,6589,台康生技,47.9,47.05,47.45,-0.05,490988,23300888
2026-09-08,6591,動力-KY,42.5,42,42.1,0.05,39716,1678208
2026-09-08,6592,和潤企業,60.9,60.2,60.3,-0.3,289057,17487362
2026-09-08,6598,ABC-KY,28.7,27.35,28.4,1.3,255878,7203594
2026-09-08,6605,帝寶,138,135.5,135.5,-2,185192,25231613
2026-09-08,6606,建德工業,26,25.4,25.85,0.8,138811,3585869
2026-09-08,6614,資拓宏宇,35.85,35.55,35.85,0,15740,561864
2026-09-08,6625,必應,75.9,75.5,75.9,0.1,69515,5258479
2026-09-08,6641,基士德-KY,17.65,17,17.1,-0.15,43322,747332
2026-09-08,6645,金萬林-創,12.55,12.2,12.2,0,49203,608849
2026-09-08,6655,科定,123,121,122.5,2.5,20205,2465496
2026-09-08,6657,華安,33.45,30.5,33.45,3,361956,11873278
2026-09-08,6658,聯策,178.5,171.5,171.5,-4,240032,41626501
2026-09-08,6666,羅麗芬-KY,45.2,44,44.95,0.15,26521,1180725
2026-09-08,6668,中揚光,41.2,40.05,40.2,-0.7,737832,29902926
2026-09-08,6669,緯穎,2485,2315,2340,-150,5080716,12065729035
2026-09-08,6670,復盛應用,279,273.5,279,3,182864,50693756
2026-09-08,6671,三能-KY,23.1,23,23.1,0,19992,461156
2026-09-08,6672,騰輝電子-KY,317.5,290,294,-5.5,7324357,2186933855
2026-09-08,6674,鋐寶科技,16.65,16.15,16.15,-0.35,22786,371855
2026-09-08,6689,伊雲谷,61.5,60.9,61,-1,43306,2651219
2026-09-08,6691,洋基工程,624,615,615,-9,258676,160057890
2026-09-08,6695,芯鼎,48.5,46.9,47.1,-1.5,503656,23845226
2026-09-08,6698,旭暉應材,31.9,31,31.5,-0.1,93014,2930321
2026-09-08,6706,惠特,126.5,122.5,123,-0.5,768978,95510360
2026-09-08,6715,嘉基,340,322,325,-14,717970,236600814
2026-09-08,6719,力智,190,183,183.5,-6.5,842219,156003956
2026-09-08,6722,輝創,32.95,32.25,32.55,-0.35,42286,1374772
2026-09-08,6742,澤米,46.1,43.6,44.25,0.05,459382,20668006
2026-09-08,6743,安普新,29.05,28.4,29,0.35,274697,7921127
2026-09-08,6753,龍德造船,138,134,134.5,-3,741569,100675798
2026-09-08,6754,匯僑設計,42.75,41.6,42.75,0.1,11315,479796
2026-09-08,6756,威鋒電子,103,97.4,98.3,-1.6,187153,18573312
2026-09-08,6757,台灣虎航,55.5,55,55.4,-0.1,288253,15931750
2026-09-08,6768,志強-KY,64.1,63.5,63.7,-0.1,114582,7308867
2026-09-08,6770,力積電,75.3,71.9,72.4,-0.5,172801850,12658034103
2026-09-08,6771,平和環保-創,42.4,41.5,41.8,0,16381,685048
2026-09-08,6776,展碁國際,52.6,52.3,52.4,-0.6,86687,4547323
2026-09-08,6781,AES-KY,1090,1055,1065,-15,327967,350557435
2026-09-08,6782,視陽,234,228,232.5,3.5,245971,56978976
2026-09-08,6789,采鈺,480,463,463,-8,1140485,535951947
2026-09-08,6790,永豐實,38.25,37.95,38,-0.1,56131,2136932
2026-09-08,6792,詠業,63,59.8,60.2,0,172941,10603221
2026-09-08,6794,向榮生技,76.1,73.7,75,0,9416,708076
2026-09-08,6796,晉弘,59.7,56.7,56.8,-1.8,92371,5312985
2026-09-08,6799,來頡,79.4,78.3,78.3,-1.3,125830,9901643
2026-09-08,6805,富世達,2235,2145,2155,-110,325778,710931680
2026-09-08,6807,峰源-KY,33.35,33.35,33.35,-0.4,1465,50521
2026-09-08,6830,汎銓,609,574,576,-6,2067152,1226480128
2026-09-08,6831,邁科,578,551,560,-8,733589,412112748
2026-09-08,6834,天二科技,105,97.8,98.7,1.7,7653879,770984282
2026-09-08,6835,圓裕,31.4,30.4,31.15,-0.15,38197,1176151
2026-09-08,6838,台新藥,24.4,23.75,23.95,-0.75,88065,2128008
2026-09-08,6854,錼創科技-KY創,95.8,90.7,91,-4.1,203238,18817573
2026-09-08,6861,睿生光電,205,186,195.5,9,1596997,317572489
2026-09-08,6862,三集瑞-KY,141.5,138,138,-2.5,90162,12505076
2026-09-08,6863,永道-KY,103,101,101,-2.5,61257,6234907
2026-09-08,6869,雲豹能源,66.1,64,64.1,-0.9,223942,14426599
2026-09-08,6873,泓德能源,68.8,68.1,68.3,-0.3,126843,8686750
2026-09-08,6885,全福生技,25.55,25.05,25.35,0.2,559479,14140257
2026-09-08,6887,寶綠特-KY,38.5,37.55,37.75,-0.2,13690,519857
2026-09-08,6890,來億-KY,166,160.5,162,-4,327605,53070643
2026-09-08,6901,鑽石投資,15.35,14.9,15.25,0.3,977186,14822633
2026-09-08,6902,GOGOLOOK,128,125,127,1,58118,7343121
2026-09-08,6906,現觀科,86.6,80.9,81.9,-4.6,168082,14138036
2026-09-08,6908,宏碁遊戲-創,32.1,30.4,30.4,0.3,17372,541288
2026-09-08,6909,創控,40.35,39.85,39.95,-0.15,155372,6215392
2026-09-08,6914,阜爾運通,121,120.5,120.5,-0.5,37298,4502081
2026-09-08,6916,華凌,20.35,18.8,18.8,0.25,175733,3421675
2026-09-08,6918,愛派司,77.7,76.9,77.5,-0.5,35708,2758616
2026-09-08,6919,康霈*,86.2,81.6,81.6,-3.6,7796917,645731534
2026-09-08,6921,嘉雨思-創,64,62.9,62.9,-1.1,9515,604512
2026-09-08,6923,中台,76.7,75.9,76.4,-0.2,27811,2118983
2026-09-08,6924,榮惠-KY創,130,123.5,125.5,0.5,46988,5991124
2026-09-08,6928,攸泰科技,48.75,47.75,48,0.1,46300,2230367
2026-09-08,6931,青松健康,40.8,40.6,40.65,-0.35,40054,1630084
2026-09-08,6933,AMAX-KY,325,315,317.5,4.5,345717,110751247
2026-09-08,6934,心誠鎂,78.8,75.3,76.8,-0.8,34449,2636475
2026-09-08,6936,永鴻生技,32.9,32.5,32.8,-0.1,16006,522911
2026-09-08,6937,天虹,293.5,283.5,287.5,1,301998,87005583
2026-09-08,6944,兆聯實業,724,706,706,-13,277390,198086701
2026-09-08,6947,台鎔科技,69.6,68.6,68.7,-0.6,148768,10250669
2026-09-08,6949,沛爾生醫*-創,62.7,60.4,60.4,-6.7,18561472,1123579102
2026-09-08,6951,青新-創,71.3,70.8,71,-0.3,19881,1414411
2026-09-08,6952,大武山,39.25,39.15,39.15,-0.1,5800,227634
2026-09-08,6955,邦睿生技-創,99.9,99.9,99.9,-0.1,2264,226325
2026-09-08,6957,裕慶-KY,222,216,216,-5,81970,17860053
2026-09-08,6958,日盛台駿,17.4,17.15,17.4,-0.05,18482,320229
2026-09-08,6962,奕力-KY,32.5,31.25,31.25,-0.55,1844932,58380539
2026-09-08,6965,中傑-KY,75,73.9,74.9,0.1,8377,630642
2026-09-08,6969,成信實業*-創,37.15,34.45,36.95,3.15,799920,29425044
2026-09-08,6988,威力暘-創,12.5,11.7,11.95,-0.3,78421,956149
2026-09-08,6994,富威電力,36.2,35.2,35.2,-0.3,306767,10864869
2026-09-08,7610,聯友金屬-創,2170,2000,2065,65,2424763,5075985000
2026-09-08,7631,聚賢研發-創,146,142,142,-3.5,17687,2537816
2026-09-08,7689,大鵬科CLMX,171.5,165,165,-9,124438,20989959
2026-09-08,7705,三商餐飲,29.9,29.75,29.8,0,28694,855165
2026-09-08,7711,永擎,650,594,594,-66,2433484,1482834764
2026-09-08,7721,微程式,62.5,60.7,60.7,-0.4,21556,1325690
2026-09-08,7722,LINEPAY,278,272,272.5,-6.5,83524,22889818
2026-09-08,7730,暉盛-創,182,172.5,172.5,-8,79384,13970403
2026-09-08,7732,金興精密,34.5,34.5,34.5,-0.35,3574,124834
2026-09-08,7736,虎山,69.5,68.7,69.4,0,9677,668478
2026-09-08,7740,熙特爾-創,130,127.5,129,1,48133,6166000
2026-09-08,7749,意騰-KY,360.5,349,355,1,183788,65011958
2026-09-08,7750,新代,2395,2280,2315,-60,327199,764693175
2026-09-08,7760,享溫馨,33.15,33,33,-0.2,53640,1770788
2026-09-08,7765,中華資安,221,218.5,218.5,-2,130408,28599234
2026-09-08,7768,頌勝科技,281,275.5,275.5,-7.5,57676,16043399
2026-09-08,7769,鴻勁,7160,6500,6970,405,1903897,13156802150
2026-09-08,7780,大研生醫*,16.6,16.5,16.55,-0.1,636335,10529151
2026-09-08,7786,東方風能,116.5,115,115,-0.5,51261,5931922
2026-09-08,7788,松川精密,304.5,285,291.5,-25,3837173,1119873316
2026-09-08,7791,皇家可口,57.4,55.3,57.2,1.4,36213,2029936
2026-09-08,7795,長廣,587,541,555,19,2757172,1558722448
2026-09-08,7799,禾榮科,397.5,381,382.5,-12.5,318908,123651080
2026-09-08,7803,雲象科技-創,19.8,19.05,19.25,-0.25,14831,290666
2026-09-08,7818,溢泰實業,60.8,60.1,60.2,-0.5,28658,1728882
2026-09-08,7821,神數,39.8,39.6,39.65,-0.1,58993,2339372
2026-09-08,7822,倍利科,939,899,899,-31,192009,175786244
2026-09-08,7823,奧義賽博-KY創,82.8,79,80.7,-2.5,61019,4934250
2026-09-08,7827,漢康-KY創,154,151,151,-3,114971,17473155
2026-09-08,7835,永悅健康-創,23.1,21.75,23.1,-0.1,46000,1018950
2026-09-08,7855,和運租車,42.35,42.05,42.1,-0.1,880794,37109417
2026-09-08,8011,台通,15.65,15.5,15.5,-0.2,262309,4076185
2026-09-08,8016,矽創,286.5,275.5,278,-13.5,1445548,403181275
2026-09-08,8021,尖點,461,431,450,-12,15127276,6795505286
2026-09-08,8028,昇陽半導體,249,235.5,236.5,-13,5180911,1243356923
2026-09-08,8033,雷虎,180.5,173.5,174.5,-2.5,2067173,364857987
2026-09-08,8039,台虹,327.5,294.5,294.5,-32.5,40437247,12419425467
2026-09-08,8045,達運光電,49.85,48.9,48.9,-0.9,93427,4608204
2026-09-08,8046,南電,1075,1015,1025,-25,6472507,6718372010
2026-09-08,8070,長華*,50.6,49.2,50,0.1,2123393,105779766
2026-09-08,8072,陞泰,26.2,25.8,26.05,0.15,78181,2032065
2026-09-08,8081,致新,254.5,248,248.5,-4.5,511500,127742408
2026-09-08,8101,華冠,11.95,11.25,11.95,-0.05,4067,46428
2026-09-08,8103,瀚荃,124.5,117.5,119.5,-4,3392006,408328440
2026-09-08,8104,錸寶,30.55,30.05,30.1,-0.45,308823,9327666
2026-09-08,8105,凌巨,15.35,14.85,15.1,-0.1,1837254,27758662
2026-09-08,8110,華東,44.8,43.65,43.75,-0.1,2739098,121096232
2026-09-08,8112,至上,90.9,89.4,89.5,-0.9,5469272,491332941
2026-09-08,8114,振樺電,187,179,180,-9.5,1287310,233683760
2026-09-08,8131,福懋科,63.6,61.8,61.9,0,1898288,118765500
2026-09-08,8150,南茂,93.5,89.7,90.3,-1,13892407,1262389477
2026-09-08,8162,微矽電子-創,64.5,60,61.2,0.1,194256,12004321
2026-09-08,8163,達方,31.05,30.05,30.15,-0.8,926953,28081814
2026-09-08,8201,無敵,11.6,11.55,11.55,-0.05,11842,137417
2026-09-08,8210,勤誠,938,901,907,-30,2470120,2250948829
2026-09-08,8213,志超,32.8,32.45,32.55,-0.4,277278,9032670
2026-09-08,8215,明基材,25.55,25.05,25.15,-0.2,426607,10789501
2026-09-08,8222,寶一,37.15,36.2,36.45,-0.25,313723,11453553
2026-09-08,8249,菱光,40.15,39.65,39.75,-0.25,162176,6469786
2026-09-08,8261,富鼎,180,170.5,170.5,-10.5,4186344,725029008
2026-09-08,8271,宇瞻,227,219.5,219.5,-2.5,1607586,357504758
2026-09-08,8341,日友,75.1,74.6,74.6,-0.5,238417,17839664
2026-09-08,8367,建新國際,40.75,40.45,40.7,-0.5,23885,972295
2026-09-08,8374,羅昇,84,80.1,80.1,-2.8,386493,31286263
2026-09-08,8404,百和興業-KY,15.95,15.3,15.55,-0.4,832347,12946917
2026-09-08,8411,福貞-KY,12.95,12.8,12.8,-0.2,60320,774021
2026-09-08,8422,可寧衛*,26.8,26.2,26.6,0.55,4435785,117587766
2026-09-08,8429,金麗-KY,6,5.96,5.96,-0.02,179043,1068939
2026-09-08,8438,昶昕,69.7,67.5,68,-0.7,99416,6802990
2026-09-08,8442,威宏-KY,47.1,45.9,46.65,1,85027,3958048
2026-09-08,8443,阿瘦,11.2,11.15,11.15,-0.1,10328,115593
2026-09-08,8454,富邦媒,245.5,239.5,239.5,-2.5,194492,46926931
2026-09-08,8462,柏文,167,164.5,167,2.5,44886,7453756
2026-09-08,8463,潤泰材,21.5,21.3,21.5,0,9471,205263
2026-09-08,8464,億豐,372,360,371.5,10.5,262648,96689815
2026-09-08,8466,美吉吉-KY,15,14.9,15,-0.3,5835,87570
2026-09-08,8467,波力-KY,90.4,88.2,90.4,0.1,9669,865162
2026-09-08,8473,山林水,40.55,39.25,39.5,0,1689140,67156271
2026-09-08,8476,台境*,19.4,18.7,19.4,0.55,244094,4624508
2026-09-08,8478,東哥遊艇,142.5,141,141.5,-1,28677,4057874
2026-09-08,8481,政伸,41.4,41.2,41.4,-0.1,9830,405566
2026-09-08,8482,商億-KY,49.6,48.5,49.6,0.65,3976,195316
2026-09-08,8487,愛爾達-創,71.5,70.5,71.3,-0.1,6339,451487
2026-09-08,8488,吉源-KY,10.9,10.35,10.35,-0.4,67869,712259
2026-09-08,8499,鼎炫-KY,267,257,257,-1,18443,4779860
2026-09-08,8926,台汽電,58.3,57.1,57.2,-0.7,1903278,109183955
2026-09-08,8940,新天地,15,14.85,14.85,-0.1,23639,353743
2026-09-08,8996,高力,1285,1205,1225,-15,4527634,5606161445
2026-09-08,9103,美德醫療-DR,5.14,5.09,5.11,-0.04,362153,1852440
2026-09-08,9105,泰金寶-DR,8.86,8.63,8.68,-0.17,24981848,217335423
2026-09-08,9110,越南控-DR,2.98,2.98,2.98,-0.01,5005,14914
2026-09-08,9136,巨騰-DR,10.9,10.45,10.45,-0.6,174060,1847446
2026-09-08,9802,鈺齊-KY,72.3,71.2,71.2,-0.8,680120,48783332
2026-09-08,9902,台火,13.75,13.55,13.65,0,82107,1118293
2026-09-08,9904,寶成,24.75,24.5,24.7,0.1,6406499,157711260
2026-09-08,9905,大華,21.5,21.35,21.4,0,50251,1077384
2026-09-08,9906,欣巴巴,42.6,41.4,41.8,-0.75,87948,3689839
2026-09-08,9907,統一實,15.35,15.25,15.25,-0.05,451893,6906039
2026-09-08,9908,大台北,29.3,29.1,29.1,-0.1,66716,1945843
2026-09-08,9910,豐泰,73.4,70.7,71.8,2,3761722,271342607
2026-09-08,9911,櫻花,82.1,81.6,81.7,0,142177,11632057
2026-09-08,9912,偉聯,12.9,12.75,12.8,-0.1,81330,1040188
2026-09-08,9914,美利達,78,76.7,77,-0.8,896379,69129236
2026-09-08,9917,中保科,107,106,106.5,0,260810,27778231
2026-09-08,9918,欣天然,43.3,43.15,43.2,0.05,9138,394617
2026-09-08,9919,康那香,14.15,14.05,14.05,0.1,196207,2761504
2026-09-08,9921,巨大,97.6,93.7,95.6,-1.7,1773467,168966664
2026-09-08,9924,福興,38.65,38.4,38.45,0,120914,4659524
2026-09-08,9925,新保,39.75,39.5,39.6,0.05,298228,11817902
2026-09-08,9926,新海,49.55,49.1,49.5,-0.05,13000,642579
2026-09-08,9927,泰銘,69.9,69.5,69.5,-0.2,37426,2605816
2026-09-08,9928,中視,17.8,17.6,17.75,-0.05,59101,1045934
2026-09-08,9929,秋雨,11.25,11.25,11.25,-0.05,2183,24540
2026-09-08,9930,中聯資源,63.1,62.5,62.7,-0.4,77273,4849485
2026-09-08,9931,欣高,34.2,33.9,34.1,-0.1,24519,834896
2026-09-08,9933,中鼎,39.35,38.65,39.1,0,3250532,126362431
2026-09-08,9934,成霖,10.9,10.75,10.8,0,455589,4920472
2026-09-08,9935,慶豐富,19.5,19.4,19.5,0.05,75098,1459996
2026-09-08,9937,全國,55.6,55.2,55.2,-0.5,11923,662025
2026-09-08,9938,百和,41.2,40.35,40.35,-0.75,1332660,54065344
2026-09-08,9939,宏全,129.5,127.5,128.5,-0.5,699671,89717903
2026-09-08,9940,信義,20.45,20.25,20.25,-0.15,209167,4266770
2026-09-08,9941,裕融,81.4,80.5,81,0.5,657911,53298477
2026-09-08,9942,茂順,114.5,113.5,114,0,61155,6961597
2026-09-08,9943,好樂迪,51.7,51,51,-0.5,62298,3198205
2026-09-08,9944,新麗,17.35,17.2,17.2,0,26418,454808
2026-09-08,9945,潤泰新,28.15,27.75,28.05,0.15,2456877,68658732
2026-09-08,9946,三發地產,17.45,17,17.1,-0.1,309837,5307602
2026-09-08,9955,佳龍,24,23.7,23.8,-0.1,126904,3023243
2026-09-08,9958,世紀鋼,92,90,90.1,-1.5,1441757,130817192
